id,wtid,rectime,averageWindSpeed,averagePower,averageGeneratorSpeed,averagePitchAngle
757,6-82,2019/1/6 6:00,0.441594030271917,0.7666867878661455,0.9975214132090046,6.740058719474409E-4
1254,6-82,2019/1/9 17:10,0.3736300238252051,0.5026739841078853,0.9231471613722,5.616715824214076E-4
1612,6-82,2019/1/12 5:00,0.5439785665314483,0.9892518880751171,0.9978396545980223,0.04029806176373181
1808,6-82,2019/1/13 20:50,0.29118620553448465,0.2301668740344164,0.7137475036157459,3.3700294720632383E-4
2303,6-82,2019/1/17 7:30,0.4045706965554503,0.9990651853289387,0.9976961354107485,0.05077417296227246
2362,6-82,2019/1/17 17:20,0.30773526932196144,0.6673261017250337,0.9969260061079039,4.49337259197564E-4
2397,6-82,2019/1/17 23:10,0.2982131683486971,0.6254858747348114,0.9879474479483487,6.740058719474409E-4
2847,6-82,2019/1/21 2:10,0.8600031440039707,0.9923693614805056,0.995222726150758,0.2525883774594444
3606,6-82,2019/1/26 8:40,0.042996271927182854,0.01073506278007562,0.00191462050661032,1.0
